{
  "J Yadav": 4.142857142857143,
  "RN ten Doeschate": 5,
  "V Kohli": 5.454545454545455,
  "R Ashwin": 6.0256410256410255,
  "Parvez Rasool": 6.2,
  "S Nadeem": 6.428571428571429,
  "MC Henriques": 6.84,
  "Z Khan": 6.993103448275861,
  "M Vijay": 7,
  "GB Hogg": 7.095238095238095
}